{"cameraMode":{"drawMode":0,"name":"Shaded","section":"Shading Mode"},"sceneLighting":true,"audioPlay":false,"sceneViewState":{"m_AlwaysRefresh":false,"showFog":true,"showSkybox":true,"showFlares":true,"showImageEffects":true,"showParticleSystems":true,"showVisualEffectGraphs":true,"m_FxEnabled":true},"in2DMode":false,"pivot":{"x":0.5631985664367676,"y":1.521683692932129,"z":-0.01876544952392578},"rotation":{"x":-0.1284818947315216,"y":0.8713186383247376,"z":-0.34479719400405886,"w":-0.3246888816356659},"size":103.76744079589844,"orthographic":false}